SPCD,hw_sw,fia_wood_c
10,hardwood,48.04
11,softwood,49.31666667
12,softwood,50.55153846
14,softwood,48.04
15,softwood,50.97
16,softwood,48.04
17,softwood,48.075
18,softwood,48.04
19,softwood,48.215
20,softwood,51.51857143
21,softwood,48.04
22,softwood,50.75
40,softwood,48.005
41,softwood,47.935
42,softwood,47.83
43,softwood,47.50333333
50,softwood,47.865
51,softwood,47.865
52,softwood,47.865
53,softwood,47.865
54,softwood,47.865
55,softwood,47.865
56,softwood,47.865
57,softwood,47.725
58,softwood,47.725
59,softwood,47.725
60,softwood,48.10625
61,softwood,47.725
62,softwood,47.725
63,softwood,47.62
64,softwood,47.975
65,softwood,46.92
66,softwood,47.725
67,softwood,52.14
68,softwood,52.14
69,softwood,47.725
70,softwood,47.585
71,softwood,47.585
72,softwood,47.585
73,softwood,47.6
74,softwood,48.13916929
75,softwood,47.585
81,softwood,53.75857143
90,softwood,48.04
91,softwood,47.83071154
92,softwood,48.04
93,softwood,48.145
94,softwood,51.16333333
95,softwood,47.97
96,softwood,48.04
97,softwood,48.005
98,softwood,49.95
100,softwood,47.795
101,softwood,47.795
102,softwood,47.795
103,softwood,47.935
104,softwood,47.795
105,softwood,47.9
106,softwood,47.55
107,softwood,47.69
108,softwood,50.32
109,softwood,47.795
110,softwood,47.655
111,softwood,51.337
112,softwood,50.2
113,softwood,48.005
114,softwood,47
115,softwood,47.865
116,softwood,51.85142857
117,softwood,48.11
118,softwood,49.4
119,softwood,48.04
120,softwood,47.725
121,softwood,47.41
122,softwood,51.33333333
123,softwood,47.585
124,softwood,47.9
125,softwood,53.28
126,softwood,47.655
127,softwood,47.9
128,softwood,47.515
129,softwood,50.70666667
130,softwood,47.11355062
131,softwood,47.655
132,softwood,47.725
133,softwood,47.795
134,softwood,47.795
135,softwood,47.795
136,softwood,52.8125
137,softwood,47.795
138,softwood,47.25
139,softwood,47.795
140,softwood,48.45
141,softwood,47.795
142,softwood,47.795
143,softwood,47.795
144,softwood,51.337
200,softwood,47.725
201,softwood,47.725
202,softwood,51.55958333
211,softwood,53.084
212,softwood,53.82375
220,softwood,47.83
221,softwood,47.83
222,softwood,47.83
223,softwood,45.33333333
230,softwood,47.2
231,softwood,47.2
232,softwood,47.2
240,softwood,48.25
241,softwood,50.07428571
242,softwood,50.38
250,softwood,47.865
251,softwood,47.865
252,softwood,47.865
260,softwood,47.865
261,softwood,47.97
262,softwood,47.865
263,softwood,50.7
264,softwood,47.83
299,hardwood,47.865
300,hardwood,47.48
303,hardwood,47.48
304,hardwood,45.4
310,hardwood,47.655
311,hardwood,47.655
312,hardwood,49.64
313,hardwood,48.67
314,hardwood,47.48
315,hardwood,47.82
316,hardwood,48.57333333
317,hardwood,47.76
318,hardwood,48.54638634
319,hardwood,47.655
320,hardwood,47.655
321,hardwood,47.655
322,hardwood,47.655
323,hardwood,47.655
330,hardwood,48.145
331,hardwood,48.145
332,hardwood,48.145
333,hardwood,48.145
334,hardwood,48.145
336,hardwood,48.145
337,hardwood,48.145
341,hardwood,47.69
345,hardwood,47.48
350,hardwood,48.005
351,hardwood,48.3
352,hardwood,48.005
353,hardwood,48.005
355,hardwood,48.005
356,hardwood,46.99
357,hardwood,46.99
358,hardwood,46.99
360,hardwood,47.27
361,hardwood,47.27
362,hardwood,47.27
363,hardwood,49.88
367,hardwood,47.48
370,hardwood,47.515
371,hardwood,48.77833333
372,hardwood,47.2
373,hardwood,47.585
374,hardwood,47.515
375,hardwood,51.90875
376,hardwood,47.62
377,hardwood,47.515
378,hardwood,47.515
379,hardwood,47.725
381,hardwood,47.48
391,hardwood,47.27
400,hardwood,47.13
401,hardwood,47.165
402,hardwood,47.2
403,hardwood,46.99
404,hardwood,47.2
405,hardwood,47.13
406,hardwood,47.34
407,hardwood,47.06
408,hardwood,47.13
409,hardwood,47.06
410,hardwood,47.13
411,hardwood,47.13
412,hardwood,47.13
413,hardwood,47.13
420,hardwood,47.9
421,hardwood,46.37
422,hardwood,47.9
423,hardwood,47.9
424,hardwood,47.9
431,hardwood,47.83
450,hardwood,47.97
451,hardwood,46.8684875
452,hardwood,47.97
460,hardwood,47.585
461,hardwood,44.79
462,hardwood,47.585
463,hardwood,44.79
471,hardwood,43.8
475,hardwood,47.48
481,hardwood,47.48
490,hardwood,47.165
491,hardwood,45.94704167
492,hardwood,47.27
500,hardwood,47.48
501,hardwood,47.48
502,hardwood,47.48
503,hardwood,47.48
504,hardwood,47.48
505,hardwood,47.48
506,hardwood,47.48
507,hardwood,47.48
508,hardwood,47.48
509,hardwood,47.48
510,hardwood,47.48
511,hardwood,47.8
512,hardwood,45.44
513,hardwood,47.48
514,hardwood,47.48
520,hardwood,47.06
521,hardwood,47.06
522,hardwood,47.06
523,hardwood,47.48
531,hardwood,47.81666667
540,hardwood,47.515
541,hardwood,47.375
542,hardwood,47.55
543,hardwood,48
544,hardwood,48.6
545,hardwood,47.62
546,hardwood,47.445
547,hardwood,47.515
548,hardwood,47.515
549,hardwood,47.515
550,hardwood,47.2
551,hardwood,47.2
552,hardwood,42.3481525
555,hardwood,47.48
561,softwood,47.48
571,hardwood,47.445
580,hardwood,47.83
581,hardwood,47.83
582,hardwood,47.83
583,hardwood,47.83
591,hardwood,52.74189167
600,hardwood,47.76
601,hardwood,48.53
602,hardwood,46.73333438
603,hardwood,47.76
604,hardwood,47.76
605,hardwood,47.76
606,hardwood,42
611,hardwood,44.47357188
621,hardwood,45.67688333
631,hardwood,47.27
641,hardwood,46.64
650,hardwood,47.795
651,hardwood,47.76
652,hardwood,43.56139375
653,hardwood,47.83
654,hardwood,46.51201853
655,hardwood,47.9
657,hardwood,47.795
658,hardwood,47.43140833
660,hardwood,47.165
661,hardwood,47.165
662,hardwood,47.165
663,hardwood,47.165
664,hardwood,47.165
680,hardwood,47.48
681,hardwood,51.14
682,hardwood,47.48
683,hardwood,47.48
684,hardwood,47.48
690,hardwood,47.69
691,hardwood,47.69
692,hardwood,47.69
693,hardwood,45.07389447
694,hardwood,47.69
701,hardwood,47.095
711,hardwood,47.55
712,hardwood,47.48
715,hardwood,46.675
718,hardwood,48.005
720,hardwood,47.48
721,hardwood,47.48
722,hardwood,47.48
729,hardwood,47.69
730,hardwood,47.69
731,hardwood,49.33637375
732,hardwood,47.69
740,hardwood,48.075
741,hardwood,48.215
742,hardwood,46.84189107
743,hardwood,48.04
744,hardwood,48.075
745,hardwood,47.84189107
746,hardwood,47.92375
747,hardwood,48.215
748,hardwood,47.865
749,hardwood,48.075
752,hardwood,48.075
753,hardwood,48.075
755,hardwood,46.57
756,hardwood,45.9
757,hardwood,46.57
758,hardwood,46.57
760,hardwood,47.655
761,hardwood,47.655
762,hardwood,47.655
763,hardwood,47.655
764,hardwood,47.655
765,hardwood,47.655
766,hardwood,47.655
768,hardwood,47.655
769,hardwood,47.655
770,hardwood,47.655
771,hardwood,50.53467015
772,hardwood,47.655
773,hardwood,47.655
774,hardwood,47.655
800,hardwood,47.235
801,hardwood,44.4
802,hardwood,49.57
803,hardwood,47.235
804,hardwood,47.06
805,hardwood,46.85
806,hardwood,47.2
807,hardwood,47.235
808,hardwood,47.235
809,hardwood,47.235
810,hardwood,47.235
811,hardwood,47.235
812,hardwood,47.48
813,hardwood,47.165
814,hardwood,42.258
815,hardwood,47.06
816,hardwood,47.235
817,hardwood,47.235
818,hardwood,47.515
819,hardwood,47.235
820,hardwood,47.34
821,hardwood,47.375
822,hardwood,47.305
823,hardwood,47.27
824,hardwood,47.235
825,hardwood,47.2
826,hardwood,47.235
827,hardwood,47.34
828,hardwood,47.235
829,hardwood,47.235
830,hardwood,47.27
831,hardwood,47.34
832,hardwood,47.305
833,hardwood,47.83125
834,hardwood,47.235
835,hardwood,47.2
836,hardwood,47.235
837,hardwood,47.34
838,hardwood,47.99
839,hardwood,47.235
840,hardwood,47.235
841,hardwood,47.235
842,hardwood,47.235
843,hardwood,47.235
844,hardwood,47.235
845,hardwood,47.235
846,hardwood,47.235
847,hardwood,46.5
851,hardwood,48.71333333
852,hardwood,47.48
853,hardwood,47.48
854,hardwood,43.99777778
855,hardwood,47.48
856,hardwood,47.48
857,hardwood,47.48
858,hardwood,47.48
859,hardwood,47.48
860,hardwood,47.48
863,hardwood,47.48
864,hardwood,47.48
865,hardwood,47.48
866,hardwood,47.48
867,hardwood,42.46571429
868,hardwood,44.31666667
869,hardwood,47.48
870,hardwood,47.48
873,hardwood,47.48
874,hardwood,47.48
876,hardwood,47.48
877,hardwood,47.48
882,hardwood,47.48
883,hardwood,47.48
884,hardwood,46.4
885,hardwood,47.48
886,hardwood,47.48
887,hardwood,43.4
888,hardwood,47.48
890,hardwood,47.48
891,hardwood,47.48
895,hardwood,47.48
896,hardwood,47.48
897,hardwood,47.48
901,hardwood,44.63
902,hardwood,46.99
906,hardwood,47.48
907,hardwood,47.48
908,hardwood,42.75
909,hardwood,47.48
911,hardwood,47.48
912,hardwood,47.48
913,hardwood,47.48
914,hardwood,47.48
915,hardwood,47.48
919,hardwood,47.48
920,hardwood,48.04
921,hardwood,48.04
922,hardwood,48.04
923,hardwood,48.04
924,hardwood,48.04
925,hardwood,48.04
926,hardwood,48.04
927,hardwood,48.04
928,hardwood,48.04
929,hardwood,48.04
931,hardwood,45.01598887
934,hardwood,47.48
935,hardwood,47.48
936,hardwood,47.44272624
937,hardwood,47.48
940,hardwood,47.315
950,hardwood,48.18
951,hardwood,48.20833333
952,hardwood,48.20833333
953,hardwood,48.20833333
970,hardwood,47.41
971,hardwood,47.2
972,hardwood,47.69
973,hardwood,47.235
974,hardwood,44.29136824
975,hardwood,47.62
976,hardwood,47.41
977,hardwood,47.305
981,hardwood,47.515
982,hardwood,47.48
986,hardwood,47.48
987,hardwood,44
988,hardwood,43.7
989,hardwood,42.7
990,hardwood,47.48
991,hardwood,47.48
992,hardwood,47.48
993,hardwood,47.48
994,hardwood,47.48
995,hardwood,47.48
996,hardwood,47.48
997,hardwood,47.48
998,hardwood,47.48
999,hardwood,47.48
5091,hardwood,47.48
5092,hardwood,47.48
5093,hardwood,47.48
5145,hardwood,47.64882353
5146,hardwood,47.655
5147,hardwood,47.64882353
5148,hardwood,47.64882353
5149,hardwood,43.82
5150,hardwood,49.64
5151,hardwood,41.8
5152,hardwood,57.86514087
5154,hardwood,47.64882353
5155,hardwood,47.64882353
5156,hardwood,49.5460594
5157,hardwood,47.64882353
5163,hardwood,46.8585125
5164,hardwood,48.145
5188,hardwood,47.99582417
5189,hardwood,47.99582417
5190,hardwood,47.99582417
5192,hardwood,47.99582417
5203,hardwood,46.99
5232,hardwood,46.5
5233,hardwood,46.5
5256,hardwood,47.48
5259,hardwood,46.5
5260,hardwood,46.5
5261,hardwood,47.48
5279,hardwood,41.825
5280,hardwood,46.11761194
5281,hardwood,51.66531656
5322,hardwood,48.32
5328,hardwood,47.48
5329,hardwood,47.48
5363,hardwood,47.48
5364,hardwood,47.48
5375,hardwood,46.5
5378,hardwood,47.48
5401,hardwood,47.9
5402,hardwood,47.1
5411,hardwood,47.8475
5415,hardwood,46.5
5420,softwood,50.3
5421,softwood,50.37142857
5423,softwood,47.865
5432,hardwood,46.5
5435,hardwood,45.22911667
5436,hardwood,47.48
5443,softwood,49.75
5444,softwood,48.005
5462,hardwood,45.7
5491,hardwood,47.515
5492,hardwood,47.50692308
5493,hardwood,47.375
5523,hardwood,47.41
5529,hardwood,46.5
5559,hardwood,45.7
5591,hardwood,53.40147083
5599,hardwood,47.375
5600,hardwood,47.375
5603,hardwood,47.48
5776,hardwood,47.06
5800,softwood,47.865
5818,hardwood,47.48
5965,hardwood,43.69202053
5983,hardwood,47.1175625
6001,hardwood,47.48
6002,softwood,41.1385
6003,hardwood,44.64685714
6004,hardwood,46.804815
6006,hardwood,47.375
6007,hardwood,46.605
6008,hardwood,47.48
6009,hardwood,45.20342857
6010,hardwood,39.4295
6011,hardwood,39.5721
6012,hardwood,47.48
6013,hardwood,47.48
6014,hardwood,46.605
6015,hardwood,47.48
6016,hardwood,40.3555
6017,hardwood,47.14645
6018,hardwood,47.48
6019,hardwood,47.48
6020,hardwood,47.14645
6021,hardwood,47.48
6023,hardwood,47.48
6025,hardwood,47.48
6026,hardwood,47.48
6028,hardwood,47.48
6029,hardwood,46.92
6032,hardwood,47.48
6034,softwood,45.3
6035,softwood,47.48
6036,softwood,47.48
6037,softwood,47.48
6042,hardwood,46.99
6043,hardwood,46.99
6044,hardwood,46.99
6046,hardwood,46.99
6047,hardwood,46.99
6048,hardwood,46.979605
6049,hardwood,46.6029
6051,hardwood,47.98911
6053,hardwood,47.48
6055,hardwood,47.48
6056,hardwood,47.48
6057,hardwood,48.25
6058,hardwood,48.305545
6059,hardwood,47.48
6060,hardwood,47.48
6061,hardwood,47.69
6062,hardwood,47.305
6063,hardwood,47.416545
6064,hardwood,47.48
6066,hardwood,47.48
6069,hardwood,46.012275
6073,hardwood,46.012275
6075,hardwood,47.48
6077,hardwood,48.010215
6078,hardwood,47.795
6080,hardwood,47.48
6082,hardwood,47.48
6083,hardwood,47.515
6084,hardwood,47.515
6085,hardwood,47.515
6086,hardwood,47.949945
6088,hardwood,47.55
6089,hardwood,47.55
6090,hardwood,47.55
6091,hardwood,47.9
6092,hardwood,47.48
6093,hardwood,47.48
6095,hardwood,47.341225
6096,hardwood,47.943925
6097,hardwood,47.943925
6101,hardwood,47.48
6103,hardwood,47.48
6106,hardwood,47.48
6107,hardwood,47.48
6108,hardwood,46.605
6109,hardwood,46.617285
6111,hardwood,47.48
6114,hardwood,47.48
6118,hardwood,47.55
6120,hardwood,47.48
6124,hardwood,47.48
6125,hardwood,47.48
6127,hardwood,47.48
6128,hardwood,47.48
6129,hardwood,47.48
6130,hardwood,47.55
6131,hardwood,47.48
6135,hardwood,46.955
6137,hardwood,47.48
6138,hardwood,47.115195
6139,hardwood,46.955
6142,hardwood,47.115195
6143,hardwood,47.115195
6144,hardwood,47.115195
6145,hardwood,47.115195
6146,hardwood,47.48
6147,hardwood,47.48
6148,hardwood,47.025
6149,hardwood,47.48
6150,hardwood,47.48
6151,hardwood,47.48
6152,hardwood,47.48
6154,softwood,47.48
6155,softwood,47.865
6156,softwood,47.865
6157,softwood,47.48
6158,softwood,47.74089
6159,hardwood,46.40704
6160,hardwood,47.48
6161,hardwood,47.13
6162,hardwood,47.48
6163,hardwood,47.48
6164,hardwood,47.48
6165,hardwood,47.48
6166,hardwood,47.13
6167,hardwood,47.62
6169,hardwood,47.62
6171,hardwood,47.48
6173,hardwood,47.48
6175,hardwood,47.606
6176,hardwood,47.606
6177,hardwood,47.375
6178,hardwood,47.606
6179,hardwood,47.08506
6180,hardwood,47.27
6181,hardwood,47.725
6184,hardwood,46.9025
6185,hardwood,46.92
6186,hardwood,46.92
6187,hardwood,46.92
6188,hardwood,46.92
6189,hardwood,46.92
6190,hardwood,46.92
6193,hardwood,47.025
6197,hardwood,47.83
6198,hardwood,47.48
6199,hardwood,47.34
6200,hardwood,47.445
6203,hardwood,42.644
6205,hardwood,47.025
6206,hardwood,47.48
6208,hardwood,47.27
6212,softwood,42.35
6213,hardwood,47.025
6215,hardwood,47.55
6216,hardwood,47.48
6217,hardwood,47.48
6218,hardwood,47.48
6219,hardwood,47.48
6220,hardwood,47.48
6221,hardwood,39.523
6222,hardwood,47.657625
6223,hardwood,47.657625
6224,hardwood,47.48
6225,hardwood,46.8892
6226,hardwood,47.48
6227,hardwood,47.48
6228,hardwood,47.48
6229,hardwood,47.48
6230,hardwood,46.8892
6231,hardwood,47.48
6232,hardwood,47.48
6233,hardwood,47.48
6234,hardwood,46.5
6235,hardwood,47.48
6236,hardwood,44.7
6237,hardwood,47.280955
6238,hardwood,47.48
6239,hardwood,48.18
6240,hardwood,47.48
6241,hardwood,47.40615
6242,hardwood,47.025
6243,hardwood,47.025
6244,hardwood,47.025
6245,hardwood,47.025
6246,hardwood,47.025
6247,hardwood,47.48
6248,hardwood,47.55
6250,hardwood,48.026
6251,hardwood,47.48
6252,hardwood,47.48
6253,hardwood,47.48
6255,hardwood,47.48
6257,hardwood,47.48
6258,hardwood,47.48
6259,hardwood,47.48
6260,hardwood,48.565
6262,hardwood,48.285
6264,hardwood,47.76
6266,hardwood,44.73
6267,hardwood,46.71
6268,hardwood,46.71
6269,hardwood,46.64
6270,hardwood,47.48
6272,hardwood,47.48
6273,hardwood,47.48
6274,hardwood,47.48
6275,hardwood,47.48
6277,hardwood,47.865
6278,hardwood,47.865
6279,hardwood,47.865
6280,hardwood,47.865
6283,hardwood,47.48
6284,hardwood,47.48
6286,hardwood,48.32
6294,hardwood,47.48
6295,hardwood,47.48
6297,hardwood,47.48
6299,hardwood,47.55
6303,hardwood,47.48
6304,hardwood,47.48
6306,hardwood,47.48
6308,hardwood,47.6598932
6311,hardwood,47.48
6313,hardwood,47.48
6315,hardwood,47.48
6316,hardwood,47.48
6317,hardwood,47.48
6318,hardwood,45.9288
6319,hardwood,47.48
6320,hardwood,47.48
6325,hardwood,47.48
6326,hardwood,47.48
6328,hardwood,47.48
6329,hardwood,47.48
6331,softwood,47.865
6337,hardwood,47.48
6338,hardwood,47.48
6341,hardwood,47.48
6342,hardwood,47.55
6343,hardwood,47.31109
6344,hardwood,47.795
6345,hardwood,47.31109
6346,hardwood,47.48
6347,hardwood,47.55
6350,hardwood,47.48
6351,hardwood,47.48
6352,hardwood,47.48
6353,hardwood,47.48
6354,hardwood,47.48
6355,hardwood,47.48
6356,hardwood,47.48
6358,hardwood,47.48
6359,hardwood,47.48
6360,hardwood,47.48
6366,hardwood,48.005
6367,hardwood,48.005
6370,hardwood,47.48
6372,hardwood,47.585
6373,hardwood,47.585
6374,hardwood,47.341225
6375,hardwood,47.585
6377,hardwood,47.585
6378,hardwood,47.41
6379,hardwood,47.76
6380,hardwood,47.48
6381,hardwood,46.77167
6383,hardwood,47.48
6384,hardwood,47.48
6386,hardwood,47.48
6387,hardwood,47.48
6389,hardwood,47.48
6390,hardwood,47.48
6393,hardwood,47.48
6395,hardwood,47.48
6396,hardwood,48.74
6397,hardwood,47.55
6398,hardwood,47.55
6399,hardwood,47.62
6400,hardwood,47.62
6401,hardwood,47.62
6402,hardwood,47.48
6403,hardwood,47.48
6405,hardwood,47.13028
6406,hardwood,47.48
6407,hardwood,47.48
6408,hardwood,47.13028
6410,hardwood,47.48
6415,hardwood,47.48
6417,hardwood,47.48
6418,hardwood,47.48
6419,hardwood,47.48
6420,hardwood,47.964
6422,hardwood,46.815
6425,hardwood,47.48
6427,hardwood,47.48
6429,hardwood,47.48
6430,hardwood,46.75
6433,hardwood,47.48
6434,hardwood,43.2
6437,hardwood,46.40704
6438,hardwood,47.50333333
6439,hardwood,47.48
6441,hardwood,44.02666667
6443,hardwood,47.48
6444,hardwood,48.1576
6445,hardwood,43.12857143
6447,hardwood,47.48
6448,hardwood,47.48
6449,hardwood,42.67428571
6452,hardwood,47.55
6454,hardwood,47.48
6457,hardwood,47.48
6458,hardwood,39.578
6459,hardwood,47.96923
6460,hardwood,47.943925
6461,hardwood,47.97
6462,hardwood,48.32
6463,hardwood,47.96923
6468,hardwood,47.48
6469,hardwood,47.48
6470,hardwood,47.41
6472,hardwood,49.82
6473,hardwood,47.76
6474,hardwood,47.48
6475,hardwood,47.48
6477,hardwood,47.48
6478,hardwood,47.76
6479,hardwood,47.095
6480,hardwood,47.48
6481,hardwood,47.48
6482,hardwood,47.61244
6483,hardwood,47.61244
6492,hardwood,47.61244
6493,hardwood,47.61244
6494,hardwood,47.61244
6495,hardwood,47.61244
6496,hardwood,47.61244
6497,hardwood,47.62
6498,hardwood,47.62
6499,hardwood,47.62
6500,hardwood,47.62
6503,hardwood,47.62
6504,hardwood,47.62
6507,hardwood,47.655
6508,hardwood,47.655
6509,hardwood,47.655
6510,hardwood,47.655
6511,hardwood,47.48
6513,hardwood,47.655
6514,hardwood,47.655
6516,hardwood,50.19278651
6517,hardwood,47.55
6518,hardwood,47.55
6519,hardwood,47.48
6520,hardwood,47.48
6521,hardwood,47.48
6522,hardwood,47.48
6523,hardwood,47.48
6524,hardwood,47.3925
6525,hardwood,46.955
6526,hardwood,47.48
6528,hardwood,47.48
6529,hardwood,47.45
6532,hardwood,47.48
6533,softwood,48.04777778
6535,hardwood,47.48
6538,softwood,48.04777778
6539,hardwood,47.48
6541,hardwood,43.96
6542,hardwood,47.48
6543,hardwood,47.48
6545,hardwood,48.565
6546,hardwood,48.635
6547,hardwood,48.53
6548,hardwood,48.565
6549,hardwood,48.565
6552,hardwood,47.41
6553,hardwood,47.41
6554,hardwood,47.48
6555,hardwood,47.69
6557,hardwood,47.655
6559,hardwood,47.48
6560,hardwood,47.48
6561,hardwood,47.655
6562,hardwood,47.655
6563,hardwood,47.655
6564,hardwood,47.48
6565,hardwood,47.48
6567,hardwood,47.48
6568,hardwood,47.025
6569,hardwood,47.48
6570,hardwood,47.26587
6572,hardwood,46.85
6573,hardwood,47.48
6574,hardwood,47.48
6575,hardwood,47.48
6576,hardwood,47.48
6577,hardwood,47.48
6578,hardwood,46.85
6579,hardwood,46.85
6580,hardwood,46.85
6581,hardwood,47.48
6582,hardwood,47.48
6583,hardwood,46.85
6584,hardwood,47.48
6586,hardwood,48.075
6588,hardwood,48.075
6589,hardwood,48.075
6590,hardwood,48.075
6591,hardwood,48.075
6592,hardwood,48.075
6593,hardwood,47.27
6594,hardwood,47.27
6595,hardwood,47.27
6596,hardwood,47.55
6597,hardwood,47.55
6601,hardwood,47.55
6604,hardwood,47.55
6605,hardwood,47.55
6606,hardwood,47.55
6610,hardwood,47.55
6611,hardwood,47.55
6612,hardwood,47.55
6613,hardwood,47.55
6614,hardwood,47.55
6615,hardwood,47.55
6616,hardwood,47.55
6620,hardwood,47.55
6621,hardwood,47.55
6622,hardwood,47.55
6625,hardwood,47.55
6626,hardwood,47.55
6627,hardwood,47.55
6628,hardwood,47.55
6629,hardwood,47.55
6630,hardwood,47.55
6631,hardwood,47.48
6632,hardwood,47.41
6633,hardwood,47.175465
6634,hardwood,47.41
6635,hardwood,47.41
6636,hardwood,47.41
6637,hardwood,47.48
6639,hardwood,47.48
6641,hardwood,47.48
6642,hardwood,47.48
6644,hardwood,47.48
6645,hardwood,47.48
6646,hardwood,47.48
6648,hardwood,47.48
6650,hardwood,47.48
6651,hardwood,47.48
6652,hardwood,47.34
6653,hardwood,47.48
6655,hardwood,47.48
6658,hardwood,47.48
6660,hardwood,47.48
6661,hardwood,47.48
6662,hardwood,47.48
6663,hardwood,47.48
6664,hardwood,47.48
6665,hardwood,47.48
6666,hardwood,47.48
6668,hardwood,47.48
6669,hardwood,47.48
6670,hardwood,47.48
6671,hardwood,47.48
6673,hardwood,47.48
6679,hardwood,47.48
6681,hardwood,47.62
6683,hardwood,47.48
6684,hardwood,45.37312064
6685,hardwood,47.48
6686,hardwood,47.48
6687,hardwood,47.13028
6688,hardwood,47.48
6689,hardwood,47.48
6691,hardwood,48.11
6693,hardwood,47.48
6694,hardwood,46.85
6696,hardwood,47.62
6697,hardwood,46.85
6699,hardwood,46.85
6700,hardwood,47.48
6702,hardwood,46.5
6703,hardwood,48.11
6705,hardwood,47.48
6706,hardwood,47.48
6707,hardwood,47.61543478
6708,hardwood,47.655
6709,hardwood,46.885
6710,hardwood,47.48
6711,hardwood,47.48
6712,hardwood,47.48
6714,hardwood,47.48
6716,hardwood,47.62
6717,hardwood,46.7835
6718,hardwood,46.7835
6719,hardwood,46.7835
6720,hardwood,46.7835
6721,hardwood,47.62
6722,hardwood,47.62
6724,hardwood,47.62
6726,hardwood,46.7835
6728,hardwood,47.5
6729,hardwood,47.641
6730,hardwood,47.48
6731,hardwood,45
6733,hardwood,47.97
6735,hardwood,47.48
6736,hardwood,47.641
6737,hardwood,47.48
6738,hardwood,47.48
6739,hardwood,47.48
6741,hardwood,47.641
6742,hardwood,47.61244
6743,hardwood,47.48
6744,hardwood,47.55
6745,hardwood,47.55
6746,hardwood,47.48
6747,hardwood,47.48
6748,hardwood,47.165
6749,hardwood,46.33774
6750,hardwood,47.48
6751,hardwood,46.33774
6752,hardwood,46.7786
6754,hardwood,44.5
6755,hardwood,47.220685
6756,hardwood,47.48
6758,hardwood,47.79325
6759,hardwood,45.7
6760,hardwood,43.6
6761,hardwood,47.48
6762,hardwood,47.48
6763,hardwood,47.48
6765,hardwood,47.48
6767,hardwood,47.48
6768,hardwood,47.21657895
6769,hardwood,46.64
6771,hardwood,46.941
6772,hardwood,47.48
6773,hardwood,47.48
6774,hardwood,47.48
6775,hardwood,47.48
6778,hardwood,47.2854
6779,hardwood,47.2854
6781,hardwood,47.2854
6782,hardwood,47.21657895
6783,hardwood,47.2854
6784,hardwood,47.2854
6785,hardwood,47.21657895
6786,softwood,52.59982954
6787,softwood,48.215
6788,softwood,47.96741928
6790,hardwood,47.48
6791,hardwood,47.21657895
6792,hardwood,47.48
6794,hardwood,46.305
6795,softwood,47.865
6796,softwood,47.865
6797,hardwood,47.2
6799,hardwood,47.2
6800,hardwood,47.55
6801,hardwood,47.55
6802,hardwood,47.55
6805,hardwood,47.55
6806,hardwood,47.55
6807,hardwood,47.55
6810,hardwood,47.55
6811,hardwood,47.55
6812,hardwood,47.55
6813,hardwood,47.55
6814,hardwood,47.55
6815,hardwood,47.55
6818,hardwood,47.55
6819,hardwood,47.55
6822,hardwood,47.55
6823,hardwood,47.55
6824,hardwood,47.55
6825,hardwood,47.55
6826,hardwood,47.55
6827,hardwood,47.55
6828,hardwood,47.55
6829,hardwood,47.55
6830,hardwood,47.55
6833,hardwood,47.55
6834,hardwood,47.48
6835,hardwood,47.48
6837,hardwood,47.55
6838,hardwood,47.55
6839,hardwood,47.48
6840,hardwood,47.55
6841,hardwood,47.55
6842,hardwood,47.55
6843,hardwood,47.48
6844,hardwood,47.55
6847,hardwood,47.55
6848,hardwood,47.48
6849,hardwood,47.55
6850,hardwood,47.48
6852,softwood,47.48
6853,softwood,47.55
6854,softwood,47.55
6855,hardwood,47.025
6857,hardwood,47.48
6858,hardwood,46.745
6859,hardwood,47.48
6860,hardwood,47.76
6862,hardwood,47.48
6863,hardwood,47.55
6864,hardwood,47.55
6865,hardwood,47.55
6866,hardwood,47.55
6867,hardwood,50.96666667
6868,hardwood,45.72044273
6869,hardwood,47.48
6870,hardwood,47.48
6871,hardwood,47.48
6872,hardwood,47.48
6873,hardwood,47.48
6875,hardwood,47.55
6876,hardwood,47.55
6877,hardwood,47.55
6880,hardwood,47.55
6881,hardwood,47.55
6882,hardwood,47.55
6883,hardwood,47.48
6884,hardwood,47.73599
6885,hardwood,48.57676
6886,hardwood,48.57676
6887,hardwood,48.57676
6888,hardwood,46.10666667
6889,hardwood,47.48
6891,hardwood,47.62
6896,hardwood,47.48
6898,hardwood,47.725
6899,hardwood,47.48
6900,hardwood,46.22
6902,hardwood,46.71
6903,hardwood,46.85
6904,hardwood,46.85
6905,hardwood,45.87
6906,hardwood,46.85
6907,hardwood,47.37136
6909,hardwood,47.48
6910,hardwood,46.85
6911,hardwood,46.71
6912,hardwood,47.48
6918,hardwood,47.48
6921,hardwood,47.0495
6923,hardwood,47.48
6924,hardwood,47.783345
6927,hardwood,47.48
6928,hardwood,48.18
6930,hardwood,47.48
6932,hardwood,47.48
6933,hardwood,47.85352
6934,hardwood,47.48
6935,hardwood,46.7975
6936,hardwood,46.7975
6937,hardwood,47.48
6938,hardwood,47.48
6939,hardwood,47.48
6940,hardwood,47.48
6941,hardwood,46.798795
6942,hardwood,46.798795
6943,hardwood,46.798795
6944,hardwood,47.025
6945,hardwood,47.025
6946,hardwood,47.025
6947,hardwood,47.025
6948,hardwood,47.025
6949,hardwood,46.7975
6952,hardwood,47.025
6953,hardwood,47.025
6954,hardwood,47.96
6955,hardwood,48.04
6957,hardwood,47.025
6958,hardwood,47.025
6959,hardwood,47.96
6961,hardwood,47.48
6963,hardwood,47.96
6965,hardwood,47.61244
6966,hardwood,47.48
6967,hardwood,47.2
6968,hardwood,47.27
6969,hardwood,47.27
6970,hardwood,47.461765
6971,hardwood,47.27
6972,hardwood,47.396
6973,hardwood,44.66666667
6974,hardwood,47.62
6975,hardwood,47.62
6976,hardwood,47.62
6977,hardwood,47.62
6978,hardwood,47.62
6979,hardwood,47.62
6980,hardwood,47.62
6981,hardwood,47.62
6982,hardwood,47.62
6983,hardwood,47.62
6984,hardwood,47.62
6985,hardwood,47.62
6990,hardwood,46.979605
6991,hardwood,47.63925
6992,hardwood,47.55
6994,hardwood,47.039875
6996,hardwood,44.76666667
6997,hardwood,47.48
6998,hardwood,44.436
6999,hardwood,47.48
7000,hardwood,47.48
7003,hardwood,47.48
7004,hardwood,47.48
7005,hardwood,47.48
7006,hardwood,47.48
7007,hardwood,47.48
7008,hardwood,47.48
7011,hardwood,47.48
7012,hardwood,48.397
7013,hardwood,48.397
7014,hardwood,48.495
7015,hardwood,47.48
7016,hardwood,47.48
7017,hardwood,47.83
7019,hardwood,47.48
7021,hardwood,47.48
7022,hardwood,47.48
7023,hardwood,47.40461538
7024,hardwood,47.48
7025,hardwood,47.0635
7026,hardwood,46.481135
7028,hardwood,47.0005
7030,hardwood,47.48
7031,hardwood,46.12795
7032,hardwood,46.05977
7033,hardwood,47.1685
7034,hardwood,47.48
7035,hardwood,47.000283
7036,hardwood,47.48
7038,hardwood,46.26242
7039,hardwood,46.715775
7040,hardwood,47.48
7041,hardwood,46.40704
7043,hardwood,47.48
7044,hardwood,46.82893
7045,hardwood,46.400495
7046,hardwood,47.48
7047,hardwood,46.743215
7048,hardwood,46.015285
7049,hardwood,47.48
7051,hardwood,47.48
7052,hardwood,46.40704
7053,hardwood,47.48
7054,hardwood,47.48
7056,hardwood,46.40438
7057,hardwood,47.202555
7059,hardwood,46.745
7060,hardwood,47.48
7061,hardwood,47.48
7062,hardwood,47.48
7063,hardwood,47.48
7065,hardwood,46.745
7066,hardwood,47.48
7067,hardwood,47.48
7068,hardwood,47.48
7069,hardwood,47.48
7071,hardwood,47.48
7072,hardwood,47.48
7075,hardwood,47.48
7076,hardwood,47.48
7078,hardwood,46.745
7079,hardwood,46.745
7081,hardwood,47.48
7082,hardwood,50.50034647
7083,hardwood,47.48
7084,hardwood,47.48
7086,hardwood,46.745
7087,hardwood,46.745
7088,hardwood,46.745
7089,hardwood,47.48
7090,hardwood,47.48
7091,hardwood,46.745
7092,hardwood,47.57870256
7093,hardwood,47.48
7094,hardwood,47.48
7096,hardwood,46.745
7098,hardwood,47.48
7099,hardwood,46.745
7100,hardwood,47.48
7101,hardwood,46.745
7102,hardwood,46.745
7103,hardwood,47.48
7104,hardwood,47.48
7105,hardwood,47.48
7109,hardwood,47.48
7110,hardwood,47.725
7111,hardwood,47.48
7112,hardwood,47.48
7113,hardwood,47.48
7114,hardwood,47.725
7115,hardwood,47.725
7116,hardwood,47.48
7117,hardwood,46.885
7119,hardwood,47.55
7120,hardwood,47.55
7123,hardwood,47.935
7124,hardwood,47.935
7125,hardwood,47.935
7126,hardwood,47.935
7127,hardwood,47.935
7128,hardwood,47.935
7129,hardwood,47.97
7131,hardwood,46.78371
7132,hardwood,46.78371
7133,hardwood,47.62
7135,hardwood,47.48
7136,hardwood,47.48
7137,hardwood,47.48
7141,hardwood,46.40704
7142,hardwood,46.71
7143,hardwood,46.71
7144,hardwood,47.795
7145,hardwood,47.795
7146,hardwood,46.42
7147,hardwood,47.48
7148,hardwood,47.48
7149,hardwood,47.48
7150,hardwood,47.48
7151,hardwood,47.48
7152,hardwood,47.76
7153,hardwood,47.48
7154,hardwood,47.48
7155,hardwood,45.4
7156,hardwood,47.9
7158,hardwood,47.48
7159,hardwood,47.48
7160,hardwood,47.48
7162,hardwood,47.48
7163,hardwood,47.56904
7164,hardwood,47.48
7165,hardwood,47.9
7166,hardwood,47.48
7167,hardwood,47.795
7168,hardwood,47.9
7169,hardwood,47.9
7171,hardwood,47.9
7173,hardwood,47.48
7174,hardwood,47.48
7175,hardwood,47.8083
7176,hardwood,47.9
7177,hardwood,47.48
7178,hardwood,47.9
7179,hardwood,48.0946
7180,hardwood,47.220685
7181,hardwood,47.48
7182,hardwood,47.025
7184,hardwood,47.48
7185,hardwood,47.48
7186,hardwood,46.675
7188,hardwood,47.655
7190,hardwood,47.48
7191,hardwood,47.61244
7192,hardwood,47.61244
7193,hardwood,47.61244
7194,hardwood,47.48
7195,hardwood,47.48
7196,hardwood,47.48
7198,hardwood,47.48
7199,hardwood,47.40413167
7200,hardwood,46.955
7202,hardwood,47.48
7203,hardwood,46.5
7205,hardwood,47.50692308
7206,hardwood,44
7207,hardwood,46.864
7208,hardwood,46.864
7209,hardwood,46.864
7210,hardwood,48.54
7211,hardwood,47.48
7212,hardwood,47.48
7213,hardwood,47.48
7214,hardwood,47.48
7215,hardwood,46.74976
7216,hardwood,46.675
7217,hardwood,46.74976
7218,hardwood,47.48
7219,hardwood,46.74976
7220,hardwood,46.7485
7221,hardwood,46.74976
7223,hardwood,47.48
7224,hardwood,46.979605
7225,hardwood,46.979605
7226,hardwood,46.979605
7227,hardwood,46.979605
7228,hardwood,46.979605
7229,hardwood,47.48
7231,hardwood,47.48
7233,hardwood,47.039875
7235,hardwood,47.48
7237,hardwood,47.48
7239,hardwood,47.48
7241,hardwood,47.725
7243,hardwood,46.5
7245,hardwood,41.64142857
7246,hardwood,45.6
7247,hardwood,47.34
7248,hardwood,47.34
7249,hardwood,47.34
7250,hardwood,47.34
7251,hardwood,47.657625
7252,hardwood,47.585
7253,hardwood,47.657625
7254,softwood,47.165
7255,hardwood,45.6
7256,hardwood,47.48
7257,hardwood,47.34
7258,hardwood,47.48
7260,hardwood,47.97
7262,hardwood,47.48
7264,hardwood,47.48
7268,hardwood,47.48
7272,hardwood,47.3617
7273,hardwood,47.48
7274,hardwood,47.3617
7275,hardwood,47.69
7279,hardwood,47.48
7280,hardwood,47.48
7282,hardwood,47.3344
7285,hardwood,47.48
7286,hardwood,47.48
7288,hardwood,47.48
7290,hardwood,48.66333333
7294,hardwood,47.48
7295,hardwood,47.48
7298,hardwood,41.97833333
7299,hardwood,47.48
7300,hardwood,47.48
7302,hardwood,47.48
7303,hardwood,47.48
7305,hardwood,47.48
7306,hardwood,47.48
7307,hardwood,47.235
7309,hardwood,47.48
7311,hardwood,47.42295
7312,hardwood,47.42295
7313,hardwood,47.62
7315,hardwood,47.48
7317,hardwood,47.48
7319,hardwood,48.47127
7321,hardwood,42.4
7327,hardwood,47.48
7328,hardwood,44.68881663
7329,hardwood,46.5
7330,hardwood,47.48
7331,hardwood,46.5
7332,hardwood,46.815
7333,hardwood,47.48
7334,hardwood,47.585
7335,hardwood,46.72666667
7336,hardwood,47.48
7338,hardwood,47.220685
7340,hardwood,47.220685
7341,hardwood,47.48
7343,hardwood,47.97
7344,hardwood,47.97
7345,hardwood,47.97
7346,hardwood,47.97
7347,hardwood,47.48
7349,hardwood,45.1
7350,hardwood,48.635
7353,hardwood,47.48
7354,hardwood,47.48
7355,hardwood,47.48
7357,hardwood,47.48
7359,hardwood,48.07
7360,hardwood,47.025
7362,hardwood,47.025
7363,hardwood,48.32
7364,hardwood,48.32
7365,hardwood,48.425
7366,hardwood,47.48
7367,hardwood,48.32
7368,hardwood,48.32
7370,hardwood,47.025
7371,hardwood,47.025
7372,hardwood,47.025
7373,hardwood,47.025
7374,hardwood,47.165
7376,hardwood,47.165
7377,hardwood,47.62
7381,hardwood,48.32
7384,hardwood,47.60943
7385,hardwood,47.60943
7386,hardwood,47.60943
7387,hardwood,47.60943
7388,hardwood,47.60943
7389,hardwood,47.60943
7390,hardwood,47.60943
7391,hardwood,47.60943
7392,hardwood,47.60943
7393,hardwood,47.8083
7397,hardwood,47.8083
7401,hardwood,47.8083
7402,hardwood,47.8083
7403,hardwood,47.48
7404,hardwood,47.8083
7407,hardwood,48.18
7408,hardwood,47.8083
7409,hardwood,47.48
7410,hardwood,47.48
7411,hardwood,47.8083
7412,hardwood,47.48
7413,hardwood,47.8083
7418,hardwood,47.48
7420,hardwood,47.48
7422,hardwood,47.48
7424,hardwood,46.753575
7427,hardwood,47.9
7428,hardwood,47.9
7429,hardwood,47.9
7430,hardwood,47.9
7431,hardwood,47.9
7432,hardwood,46.5
7433,hardwood,47.48
7434,hardwood,46.00592399
7438,hardwood,47.48
7440,hardwood,47.41
7441,hardwood,47.41
7442,hardwood,47.48
7445,hardwood,47.48
7446,hardwood,47.48
7448,hardwood,45.8525
7453,hardwood,47.62
7454,hardwood,47.48
7455,hardwood,47.48
7456,hardwood,47.48
7457,hardwood,47.48
7458,hardwood,47.48
7459,hardwood,47.48
7460,hardwood,47.62
7462,hardwood,47.48
7463,hardwood,47.48
7464,hardwood,47.48
7465,hardwood,47.48
7466,hardwood,47.48
7467,hardwood,47.48
7469,hardwood,47.48
7470,hardwood,47.48
7471,hardwood,47.48
7472,hardwood,47.48
7474,hardwood,45
7475,hardwood,47.76
7477,hardwood,46.801315
7479,hardwood,47.48
7481,hardwood,47.48
7482,hardwood,45.6
7483,hardwood,47.935
7485,hardwood,47.48
7487,hardwood,47.48
7489,softwood,47.725
7490,hardwood,47.48
7491,hardwood,47.48
7492,hardwood,47.48
7493,hardwood,47.48
7494,hardwood,48.39
7495,hardwood,47.48
7496,hardwood,47.729375
7497,hardwood,47.025
7499,hardwood,48.62
7501,hardwood,47.48
7503,hardwood,47.48
7506,hardwood,46.05
7507,hardwood,47.445
7508,hardwood,47.48
7509,hardwood,47.60943
7510,hardwood,47.60943
7511,hardwood,47.60943
7512,hardwood,47.60943
7513,hardwood,47.60943
7514,hardwood,47.48
7515,hardwood,45.87781667
7516,hardwood,47.63333333
7517,hardwood,46.598
7518,hardwood,47.039875
7519,hardwood,47.039875
7520,hardwood,47.039875
7521,hardwood,47.039875
7522,hardwood,47.039875
7523,hardwood,47.039875
7524,hardwood,47.039875
7528,hardwood,47.039875
7529,hardwood,47.039875
7530,hardwood,47.48
7531,hardwood,47.48
7532,hardwood,47.48
7533,hardwood,47.605
7539,hardwood,46.92
7541,hardwood,47.48
7543,hardwood,47.62
7550,hardwood,42.196
7552,hardwood,47.48
7556,hardwood,47.48
7558,hardwood,46.43
7559,hardwood,46.43
7560,hardwood,46.43
7561,hardwood,45.709
7562,hardwood,46.43
7564,hardwood,47.2
7565,hardwood,47.48
7566,hardwood,47.2
7567,hardwood,47.38666667
7569,hardwood,47.48
7570,hardwood,47.48
7571,hardwood,47.69
7573,hardwood,47.48
7574,hardwood,47.48
7575,hardwood,47.31109
7576,hardwood,47.31109
7577,hardwood,47.375
7578,hardwood,47.375
7579,hardwood,47.370436
7580,hardwood,46.5
7583,hardwood,46.437175
7586,hardwood,47.83
7587,hardwood,47.83
7588,hardwood,46.815
7590,hardwood,47.48
7591,hardwood,47.48
7592,hardwood,47.48
7593,hardwood,46.5
7595,hardwood,47.48
7598,hardwood,46.6
7600,hardwood,51.57
7602,hardwood,46.955
7604,hardwood,47.48
7606,hardwood,47.48
7608,hardwood,47.48
7614,hardwood,47.27
7616,hardwood,47.27
7617,hardwood,47.27
7618,hardwood,48.145
7619,hardwood,48.145
7620,hardwood,48.145
7621,hardwood,48.355
7623,hardwood,48.145
7625,hardwood,48.145
7626,hardwood,47.795
7627,hardwood,48.145
7628,hardwood,47.48
7630,hardwood,47.48
7631,hardwood,44.05973417
7632,hardwood,43
7633,hardwood,47.48
7634,hardwood,47.795
7635,hardwood,47.48
7636,hardwood,47.48
7637,hardwood,47.74115385
7638,hardwood,47.585
7639,hardwood,47.34
7641,hardwood,47.585
7642,hardwood,47.585
7643,hardwood,47.48
7644,hardwood,47.48
7645,hardwood,47.48
7646,hardwood,47.48
7647,hardwood,47.48
7648,hardwood,47.48
7649,hardwood,47.165
7650,hardwood,47.165
7651,hardwood,47.165
7652,hardwood,47.48
7653,hardwood,46.2865
7654,hardwood,47.040995
7655,hardwood,47.040995
7657,hardwood,47.461765
7658,hardwood,47.725
7659,hardwood,47.4919
7660,hardwood,47.61244
7661,hardwood,47.61244
7662,hardwood,47.48
7663,hardwood,47.48
7664,hardwood,46.255
7666,hardwood,46.255
7667,hardwood,47.48
7669,hardwood,47.48
7671,hardwood,46.255
7672,hardwood,46.255
7673,hardwood,47.48
7674,hardwood,46.68571429
7677,hardwood,47.48
7679,hardwood,46.605
7680,hardwood,47.55
7682,hardwood,47.48
7684,hardwood,47.48
7688,hardwood,47.48
7689,hardwood,47.48
7694,hardwood,47.48
7695,hardwood,47.48
7697,hardwood,47.48
7698,hardwood,47.48
7699,hardwood,47.48
7700,hardwood,46.675
7702,hardwood,47.48
7704,hardwood,47.935
7705,hardwood,47.935
7706,hardwood,47.935
7709,hardwood,46.9648
7710,hardwood,48.11
7712,hardwood,47.69
7713,hardwood,47.69
7715,hardwood,47.3512
7716,hardwood,47.83
7717,hardwood,47.48
7719,hardwood,47.708865
7720,hardwood,47.708865
7721,hardwood,47.708865
7722,hardwood,47.708865
7723,hardwood,47.708865
7724,hardwood,47.708865
7725,hardwood,47.708865
7726,hardwood,47.708865
7727,hardwood,47.708865
7728,hardwood,47.708865
7729,hardwood,47.708865
7730,hardwood,47.708865
7731,hardwood,47.708865
7732,hardwood,47.708865
7733,hardwood,47.708865
7734,hardwood,47.708865
7735,hardwood,47.708865
7736,hardwood,47.708865
7737,hardwood,47.708865
7738,hardwood,47.708865
7739,hardwood,47.708865
7740,hardwood,47.708865
7741,hardwood,47.708865
7742,hardwood,47.708865
7743,hardwood,47.708865
7744,hardwood,47.708865
7745,hardwood,47.708865
7746,hardwood,47.708865
7747,hardwood,47.708865
7748,hardwood,47.708865
7749,hardwood,47.708865
7750,hardwood,47.9
7751,hardwood,47.708865
7752,hardwood,47.708865
7753,hardwood,47.708865
7754,hardwood,47.708865
7755,hardwood,47.708865
7756,hardwood,47.708865
7757,hardwood,47.708865
7758,hardwood,47.708865
7759,hardwood,47.2525
7763,hardwood,47.48
7764,hardwood,47.48
7766,hardwood,48.18
7767,hardwood,48.18
7768,hardwood,47.48
7769,hardwood,48.18
7770,hardwood,48.18
7771,hardwood,47.76
7774,hardwood,47.32614
7776,hardwood,47.865
7777,hardwood,47.865
7778,hardwood,47.865
7779,softwood,50.1
7781,hardwood,46.64
7782,hardwood,46.885
7783,hardwood,46.885
7792,hardwood,46.78
7793,hardwood,46.78
7794,hardwood,46.78
7795,hardwood,46.78
7798,hardwood,47.62
7799,hardwood,47.62
7800,hardwood,47.62
7801,hardwood,42.786
7803,hardwood,47.48
7804,hardwood,47.48
7805,hardwood,47.9
7806,hardwood,47.48
7807,hardwood,47.48
7808,hardwood,47.48
7810,hardwood,51.15
7812,hardwood,47.48
7813,hardwood,47.48
7814,hardwood,47.48
7815,hardwood,47.48
7816,hardwood,47.48
7817,hardwood,47.48
7818,hardwood,47.48
7819,hardwood,47.48
7821,hardwood,47.48
7822,hardwood,47.48
7823,hardwood,47.48
7824,hardwood,46.99
7828,hardwood,47.48
7829,hardwood,47.48
7831,hardwood,46.75676
7833,hardwood,47.48
7835,hardwood,46.43567
7839,hardwood,47.48
7841,hardwood,47.025
7842,hardwood,47.025
7845,hardwood,47.48
7846,hardwood,47.41
7847,hardwood,47.48
7848,hardwood,47.41
7849,hardwood,47.48
7850,hardwood,47.585
7851,hardwood,47.585
7852,hardwood,47.585
7853,hardwood,47.585
7855,hardwood,47.48
7857,hardwood,47.48
7861,hardwood,47.48
7862,hardwood,47.48
7863,hardwood,47.48
7865,hardwood,47.865
7867,hardwood,44.2
7868,hardwood,48.25
7869,hardwood,47.48
7870,hardwood,47.074
7872,hardwood,47.55
7873,hardwood,47.55
7874,hardwood,47.55
7875,hardwood,47.55
7876,hardwood,47.55
7877,hardwood,47.55
7878,hardwood,47.55
7879,hardwood,47.55
7880,hardwood,47.025
7881,hardwood,47.025
7882,hardwood,47.025
7883,hardwood,46.2172
7884,hardwood,46.2172
7886,hardwood,47.48
7887,hardwood,47.48
7888,hardwood,47.48
7889,hardwood,47.48
7890,hardwood,47.48
7891,hardwood,47.48
7892,hardwood,46.437175
7893,hardwood,47.48
7894,hardwood,47.48
7895,hardwood,47.48
7899,hardwood,46.865085
7900,hardwood,47.41
7902,hardwood,47.76
7903,hardwood,47.76
7904,hardwood,47.76
7905,hardwood,47.48
7906,hardwood,47.76
7907,hardwood,47.48
7910,hardwood,47.445
7911,hardwood,47.48
7912,hardwood,47.48
7913,hardwood,46.675
7914,hardwood,46.675
7915,hardwood,46.675
7916,hardwood,46.675
7918,hardwood,46.675
7919,hardwood,46.675
7920,hardwood,46.675
7921,hardwood,47.445
7922,hardwood,47.445
7923,hardwood,46.675
7924,hardwood,46.675
7925,hardwood,46.675
7926,hardwood,47.445
7927,hardwood,47.445
7928,hardwood,46.675
7929,hardwood,46.535
7932,hardwood,47.48
7933,hardwood,47.48
7934,hardwood,47.48
7935,hardwood,47.48
7936,hardwood,47.48
7939,hardwood,47.48
7940,hardwood,47.48
7942,hardwood,47.445
7944,hardwood,47.48
7946,hardwood,47.48
7948,hardwood,46.955
7952,hardwood,41.984
7953,hardwood,47.48
7954,hardwood,48.11
7956,hardwood,47.48
7958,hardwood,46.895325
7960,hardwood,46.97999
7961,hardwood,46.97999
7962,hardwood,48.11
7964,hardwood,47.76
7965,hardwood,47.76
7966,hardwood,47.76
7967,hardwood,47.76
7968,hardwood,47.76
7969,hardwood,47.76
7970,hardwood,47.76
7971,hardwood,47.62
7972,hardwood,47.62
7974,hardwood,47.62
7976,hardwood,47.48
7977,hardwood,46.693305
7978,hardwood,46.693305
7980,hardwood,48.35333333
7982,hardwood,47.69
7983,hardwood,47.69
7984,hardwood,47.69
7985,hardwood,47.69
7986,hardwood,47.69
7987,hardwood,47.69
7990,hardwood,47.48
7991,hardwood,47.48
7994,hardwood,47.48
7996,hardwood,47.48
7997,hardwood,47.48
7999,hardwood,47.48
8000,hardwood,47.55
8001,hardwood,47.48
8003,hardwood,47.48
8004,hardwood,47.48
8007,hardwood,46.675
8008,hardwood,48.33568
8009,hardwood,48.33568
8010,hardwood,48.33568
8011,hardwood,47.76
8013,hardwood,47.41
8014,hardwood,47.41
8015,hardwood,47.41
8018,hardwood,47.41
8019,hardwood,47.795
8020,hardwood,47.48
8022,hardwood,48.005
8023,hardwood,48.005
8024,hardwood,48.005
8027,hardwood,47.48
8029,hardwood,47.48
8030,hardwood,47.48
8032,hardwood,47.48
8033,hardwood,47.48
8034,hardwood,47.48
8036,hardwood,41.8
8037,hardwood,47.48
8044,hardwood,47.79325
8045,hardwood,47.48
8047,hardwood,47.48
8049,hardwood,47.48
8051,hardwood,46.2
8053,hardwood,48.1415
8054,hardwood,48.14185
8055,hardwood,48.14185
8056,hardwood,48.14185
8057,hardwood,48.14185
8058,hardwood,48.14185
8059,hardwood,48.14185
8060,hardwood,48.14185
8061,hardwood,48.14185
8062,hardwood,48.14185
8063,hardwood,48.14185
8064,hardwood,48.14185
8065,hardwood,48.14185
8066,hardwood,48.14185
8067,hardwood,48.14185
8068,hardwood,48.14185
8069,hardwood,48.14185
8070,hardwood,48.14185
8071,hardwood,48.14185
8072,hardwood,48.14185
8073,hardwood,48.14185
8074,hardwood,47.375
8075,hardwood,48.14185
8076,hardwood,48.14185
8077,hardwood,48.14185
8078,hardwood,48.14185
8079,hardwood,48.14185
8080,hardwood,48.14185
8081,hardwood,48.14185
8082,hardwood,48.14185
8083,hardwood,48.14185
8084,hardwood,48.14185
8085,hardwood,48.14185
8086,hardwood,48.14185
8087,hardwood,48.14185
8088,hardwood,47.48
8090,hardwood,48.14185
8091,hardwood,47.655
8092,hardwood,48.14185
8099,hardwood,47.48
8103,hardwood,47.025
8104,hardwood,46.885
8105,hardwood,46.885
8106,hardwood,47.48
8107,hardwood,47.865
8108,hardwood,47.865
8110,hardwood,47.48
8111,hardwood,36.5
8112,hardwood,47.193
8113,hardwood,47.48
8114,hardwood,47.48
8115,hardwood,47.3365
8121,hardwood,47.48
8123,hardwood,48.6
8125,hardwood,47.48
8127,hardwood,47.48
8129,hardwood,46.859065
8131,hardwood,47.865
8134,hardwood,47.48
8138,hardwood,47.48
8141,hardwood,47.48
8143,hardwood,47.48
8144,hardwood,47.48
8146,hardwood,47.48
8150,hardwood,47.62
8151,hardwood,47.62
8152,hardwood,47.62
8153,hardwood,47.62
8154,hardwood,47.48
8155,hardwood,46.8465
8156,hardwood,46.8465
8157,hardwood,47.48
8159,hardwood,47.27
8160,hardwood,47.48
8162,hardwood,47.48
8164,hardwood,47.48
8167,hardwood,47.48
8169,hardwood,47.48
8171,hardwood,47.48
8173,hardwood,47.48
8175,hardwood,47.48
8177,hardwood,47.48
8178,hardwood,47.48
8180,hardwood,46.15
8181,hardwood,47.62
8182,softwood,47.48
8183,softwood,51.11
8184,softwood,47.865
8185,softwood,47.865
8186,softwood,47.865
8187,softwood,48.2
8188,softwood,47.865
8189,softwood,47.125
8190,hardwood,47.48
8191,hardwood,47.48
8192,hardwood,47.48
8193,hardwood,47.48
8194,hardwood,47.48
8195,hardwood,47.48
8196,hardwood,47.48
8197,softwood,47.798125
8198,softwood,47.225
8199,hardwood,47.48
8200,softwood,47.798125
8201,softwood,47.795
8202,softwood,47.795
8203,softwood,52
8205,hardwood,48.25
8206,hardwood,48.25
8207,hardwood,48.145
8208,hardwood,47.48
8210,hardwood,47.235
8211,hardwood,47.48
8212,hardwood,48.245275
8213,hardwood,48.245275
8214,hardwood,48.245275
8215,hardwood,48.245275
8216,hardwood,47.48
8217,hardwood,48.46
8218,hardwood,48.245275
8219,hardwood,41.849
8220,hardwood,45.4
8222,hardwood,47.305
8223,hardwood,47.48
8224,hardwood,47.305
8225,hardwood,47.305
8226,hardwood,47.305
8227,hardwood,47.305
8228,hardwood,47.305
8229,hardwood,47.305
8230,hardwood,47.305
8231,hardwood,47.305
8232,hardwood,47.305
8233,hardwood,47.305
8234,hardwood,47.305
8235,hardwood,47.305
8236,hardwood,47.4226
8238,hardwood,47.305
8239,hardwood,47.305
8240,hardwood,46.693305
8241,hardwood,47.08506
8242,hardwood,46.895325
8243,hardwood,46.895325
8244,hardwood,46.895325
8246,hardwood,46.895325
8247,hardwood,46.895325
8248,hardwood,46.895325
8249,softwood,47.865
8250,hardwood,47.13
8251,hardwood,47.13
8252,hardwood,47.13
8253,hardwood,47.69
8254,hardwood,47.69
8255,hardwood,47.48
8256,hardwood,47.69
8257,hardwood,47.55
8258,hardwood,47.55
8259,hardwood,47.55
8260,hardwood,47.55
8261,hardwood,47.55
8262,hardwood,47.55
8263,hardwood,47.55
8266,hardwood,47.48
8268,hardwood,47.48
8269,hardwood,47.48
8271,hardwood,47.48
8272,hardwood,47.55
8273,softwood,47.48
8274,softwood,47.48
8275,hardwood,47.48
8276,hardwood,47.48
8279,hardwood,47.48
8280,hardwood,47.48
8283,hardwood,48.0946
8284,hardwood,47.48
8285,hardwood,48.0946
8286,hardwood,48.18
8287,hardwood,48.0946
8288,hardwood,48.0946
8289,hardwood,48.0946
8290,hardwood,47.220685
8292,hardwood,47.62
8293,hardwood,47.62
8294,hardwood,47.62
8295,hardwood,47.274935
8296,hardwood,47.445
8297,hardwood,46.325
8298,hardwood,46.7205
8299,hardwood,46.6
8300,hardwood,47.48
8301,hardwood,47.48
8302,hardwood,47.48
8303,hardwood,47.13028
8304,hardwood,46.7205
8305,hardwood,47.48
8306,hardwood,46.7205
8307,hardwood,47.305
8308,hardwood,47.305
8309,hardwood,47.375
8310,hardwood,47.305
8311,hardwood,47.48
8313,hardwood,48.07208333
8314,hardwood,48.07208333
8315,hardwood,47.62
8316,hardwood,47.62
8317,hardwood,47.62
8318,hardwood,47.62
8319,hardwood,47.62
8320,hardwood,47.62
8321,hardwood,47.62
8322,hardwood,47.62
8323,hardwood,47.62
8324,hardwood,47.62
8325,hardwood,47.62
8326,hardwood,47.62
8327,hardwood,47.62
8328,hardwood,47.62
8329,hardwood,47.62
8330,hardwood,47.62
8331,hardwood,47.62
8336,hardwood,47.62
8337,hardwood,47.62
8338,hardwood,47.62
8339,hardwood,47.62
8340,hardwood,47.48
8341,hardwood,48.11
8342,hardwood,47.48
8343,hardwood,46.5
8344,hardwood,47.48
8345,hardwood,47.655
8346,hardwood,47.48
8347,hardwood,47.48
8348,hardwood,47.61543478
8349,hardwood,47.48
8350,hardwood,60.9143382
8351,hardwood,47.61543478
8352,hardwood,47.48
8353,hardwood,47.48
8354,hardwood,47.48
8355,hardwood,46.885
8356,hardwood,43.8
8357,hardwood,47.61543478
8358,hardwood,47.48
8359,hardwood,47.48
8360,hardwood,47.655
8361,hardwood,47.48
8362,hardwood,47.48
8363,hardwood,47.48
8364,hardwood,47.48
8365,hardwood,47.41
8366,hardwood,47.48
8367,hardwood,47.48
8368,hardwood,47.48
8369,hardwood,47.48
8370,hardwood,47.48
8373,hardwood,47.41
8377,hardwood,47.48
8382,hardwood,47.48
8386,hardwood,47.48
8387,hardwood,47.48
8388,hardwood,47.48
8389,hardwood,47.48
8390,hardwood,47.48
8391,hardwood,47.48
8392,hardwood,47.48
8393,hardwood,47.48
8394,hardwood,47.48
8395,hardwood,49.17
8397,hardwood,47.48
8398,hardwood,47.48
8399,hardwood,47.48
8400,hardwood,47.48
8401,hardwood,47.48
8402,hardwood,46.256365
8403,hardwood,46.5
8404,hardwood,47.445
8405,hardwood,47.445
8406,hardwood,47.445
8407,hardwood,47.48
8408,hardwood,47.48
8409,hardwood,47.48
8410,hardwood,47.48
8411,hardwood,46.5
8412,hardwood,47.62
8413,hardwood,47.48
8415,hardwood,47.62
8416,hardwood,47.62
8418,hardwood,47.62
8419,hardwood,47.48
8420,hardwood,47.34
8421,hardwood,47.34
8422,hardwood,47.48
8423,hardwood,47.34
8424,hardwood,46.605
8425,hardwood,47.48
8426,hardwood,47.34
8427,hardwood,47.21657895
8429,hardwood,47.21657895
8430,hardwood,47.0495
8431,hardwood,47.678975
8432,hardwood,47.678975
8433,hardwood,47.48
8434,hardwood,47.678975
8435,hardwood,47.678975
8436,hardwood,47.48
8437,hardwood,47.21657895
8438,hardwood,47.2
8439,hardwood,47.48
8440,hardwood,47.865
8441,hardwood,47.21657895
8442,hardwood,47.865
8443,hardwood,47.865
8444,hardwood,47.48
8445,hardwood,47.48
8447,hardwood,47.48
8449,hardwood,47.99
8450,hardwood,47.21657895
8453,hardwood,47.21657895
8455,hardwood,47.21657895
8456,hardwood,47.06
8457,hardwood,47.21657895
8458,hardwood,46.376905
8459,hardwood,47.21657895
8460,hardwood,46.325
8461,hardwood,47.21657895
8462,hardwood,46.6029
8463,hardwood,46.325
8464,hardwood,46.36
8465,hardwood,46.572765
8466,hardwood,46.572765
8467,hardwood,47.66669
8468,hardwood,47.66669
8469,hardwood,48.005
8470,hardwood,45.6
8471,hardwood,46.5
8472,hardwood,47.48
8473,hardwood,47.61244
8474,hardwood,46.99
8475,hardwood,47.783345
8476,hardwood,47.48
8477,hardwood,47.783345
8478,hardwood,47.48
8479,hardwood,47.795
8480,hardwood,48.18
8481,hardwood,47.48
8483,hardwood,47.48
8484,hardwood,47.48
8485,hardwood,47.48
8486,hardwood,46.99
8487,hardwood,47.21657895
8489,hardwood,47.48
8490,hardwood,47.48
8491,hardwood,47.62
8492,hardwood,47.21657895
8494,hardwood,47.48
8495,hardwood,47.48
8499,hardwood,47.48
8501,hardwood,47.48
8502,hardwood,48.04
8503,hardwood,47.97
8504,hardwood,42.4175
8505,hardwood,47.48
8506,hardwood,46.941
8507,hardwood,47.96
8508,hardwood,47.96
8509,hardwood,47.48
8510,hardwood,47.7985
8511,hardwood,47.235
8512,hardwood,42.4
8513,hardwood,47.235
8514,hardwood,47.21
8515,hardwood,47.935
8516,hardwood,46.6421
8517,hardwood,46.6421
8518,hardwood,47.48
8519,hardwood,47.96
8521,hardwood,46.6421
8522,hardwood,46.6421
8523,hardwood,47.96
8524,hardwood,47.96
8525,hardwood,46.6421
8526,hardwood,46.6421
8527,hardwood,47.63925
8528,hardwood,46.85
8529,hardwood,47.48
8531,hardwood,46.85
8532,hardwood,46.85
8533,hardwood,48.675
8534,hardwood,47.9
8535,hardwood,47.48
8536,hardwood,47.48
8544,hardwood,47.025
8546,hardwood,47.48
8548,hardwood,47.55
8549,hardwood,47.55
8550,hardwood,47.55
8551,hardwood,47.55
8552,hardwood,47.55
8553,hardwood,47.837
8554,hardwood,47.48
8555,hardwood,46.85
8556,hardwood,47.48
8557,hardwood,47.48
8558,hardwood,47.48
8559,hardwood,47.85352
8560,hardwood,47.55
8561,hardwood,42.4
8563,hardwood,47.48
8565,hardwood,46.3275
8567,hardwood,47.48
8571,hardwood,47.48
8572,hardwood,47.48
8573,hardwood,47.48
8577,hardwood,46.885
8583,hardwood,46.99
8585,hardwood,47.48
8586,hardwood,48.18
8588,hardwood,47.48
8589,hardwood,47.48
8590,hardwood,47.305
8591,hardwood,47.48
8592,hardwood,47.305
8594,hardwood,47.48
8595,hardwood,47.305
8596,hardwood,47.964
8597,hardwood,47.48
8598,hardwood,47.305
8599,hardwood,47.48
8600,hardwood,47.48
8601,hardwood,48.18
8603,hardwood,48.18
8605,hardwood,47.48
8606,hardwood,47.795
8607,hardwood,47.795
8608,hardwood,47.55
8609,hardwood,47.60943
8610,hardwood,47.60943
8611,hardwood,47.48
8612,hardwood,46.92
8613,hardwood,47.48
8614,hardwood,47.48
8615,hardwood,47.40691563
8616,hardwood,47.40691563
8617,hardwood,47.48
8618,hardwood,46.88258111
8619,hardwood,47.48
8620,hardwood,47.48
8621,hardwood,47.48
8622,hardwood,47.48
8623,hardwood,47.48
8624,hardwood,47.48
8626,hardwood,47.48
8627,hardwood,47.48
8628,hardwood,48.075
8629,hardwood,47.48
8631,hardwood,48.075
8632,hardwood,47.48
8633,hardwood,47.48
8634,hardwood,47.48
8635,hardwood,48.075
8636,hardwood,47.48
8639,hardwood,48.47
8641,hardwood,47.18453
8642,hardwood,47.18453
8643,hardwood,47.18453
8644,hardwood,47.48
8645,hardwood,48.486355
8646,hardwood,47.375
8647,hardwood,46.82168333
8648,hardwood,47.2
8649,hardwood,47.48
8650,hardwood,47.2
8651,hardwood,42.72857143
8652,hardwood,47.48
8653,hardwood,48.075
8654,hardwood,47.48
8655,hardwood,47.515
8656,hardwood,48.495
8657,hardwood,46.5
8658,hardwood,47.48
8659,hardwood,47.48
8660,hardwood,47.48
8664,hardwood,47
8665,hardwood,47.795
8666,hardwood,47.48
8667,hardwood,47.795
8668,hardwood,46.5
8669,hardwood,46.81003
8670,hardwood,46.81003
8671,hardwood,46.81003
8672,hardwood,46.5
8673,hardwood,47.48
8674,hardwood,47.48
8675,hardwood,46.5
8676,hardwood,47.48
8678,hardwood,47.48
8679,hardwood,46.3474326
8683,hardwood,47.48
8684,hardwood,47.48
8685,hardwood,47.48
8686,hardwood,47.48
8687,hardwood,47.48
8689,hardwood,46.63916
8690,hardwood,46.679865
8691,hardwood,47.41
8693,hardwood,45.7
8694,hardwood,47.76
8695,hardwood,47.08506
8696,hardwood,47.08506
8697,hardwood,47.08506
8698,hardwood,48.02
8699,hardwood,47.08506
8700,hardwood,46.497445
8701,hardwood,50.50034647
8702,hardwood,47.48
8703,hardwood,47.08506
8704,hardwood,47.08506
8705,hardwood,47.08506
8706,hardwood,47.08506
8707,hardwood,47.48
8708,hardwood,47.08506
8709,hardwood,45.4
8710,hardwood,47.48
8712,hardwood,47.48
8713,hardwood,47.48
8714,hardwood,47.27
8715,hardwood,47.48
8716,hardwood,43.66666667
8717,hardwood,47.48
8718,hardwood,46.465
8719,hardwood,47.48
8720,hardwood,47.48
8722,hardwood,47.48
8723,hardwood,47.48
8727,hardwood,47.48
8728,hardwood,47.48
8729,hardwood,47.48
8737,hardwood,46.991645
8738,softwood,47.2
8739,softwood,47.2
8741,hardwood,46.745
8743,hardwood,47.48
8744,hardwood,47.48
8745,hardwood,47.24249
8748,hardwood,47.48
8749,hardwood,47.54041
8750,hardwood,47.48
8751,hardwood,47.54041
8752,hardwood,47.54041
8753,hardwood,47.48
8754,hardwood,47.48
8755,hardwood,47.91379
8756,hardwood,47.48
8757,hardwood,47.48
8758,hardwood,47.642575
8759,hardwood,47.54041
8761,hardwood,47.48
8762,hardwood,47.48
8763,hardwood,47.48
8764,hardwood,47.48
8766,hardwood,47.48
8767,hardwood,47.48
8768,hardwood,47.48
8770,hardwood,47.865
8771,hardwood,47.865
8772,hardwood,47.865
8773,hardwood,47.865
8774,hardwood,47.865
8775,hardwood,47.865
8776,hardwood,47.865
8777,hardwood,47.865
8778,hardwood,47.48
8779,hardwood,46.92
8780,hardwood,47.48
8781,hardwood,47.48
8783,hardwood,47.48
8784,hardwood,46.6
8786,hardwood,47.48
8787,hardwood,47.48
8788,hardwood,47.165
8789,hardwood,47.48
8793,hardwood,47.48
8794,hardwood,47.48
8799,hardwood,47.3015
8800,hardwood,47.37136
8801,hardwood,47.37136
8803,hardwood,47.48
8804,hardwood,47.165
8805,hardwood,47.165
8806,hardwood,47.37136
8807,hardwood,47.37136
8808,hardwood,47.37136
8809,hardwood,47.37136
8810,hardwood,47.37136
8811,hardwood,47.48
8812,hardwood,47.48
8813,hardwood,38.75
8814,hardwood,48.18
8815,hardwood,47.48
8816,hardwood,47.48
8821,hardwood,45.6
8822,hardwood,48.11
8823,hardwood,48.11
8824,hardwood,47.655
8825,hardwood,47.48
8826,hardwood,47.655
8827,hardwood,48.160645
8828,hardwood,47.48
8829,hardwood,45.845
8830,hardwood,46.5
8831,hardwood,48.11
8832,hardwood,48.160645
8833,hardwood,47.48
8834,hardwood,50.46
8836,hardwood,47.48
8837,hardwood,48.124735
8838,hardwood,48.18
8839,hardwood,48.18
8842,hardwood,47.48
8843,hardwood,47.48
8844,hardwood,47.48
8846,hardwood,47.280955
8848,hardwood,47.48
8849,hardwood,46.6365
8850,hardwood,47.48
8851,hardwood,47.41
8852,hardwood,47.41
8853,hardwood,47.48
8854,hardwood,47.48
8855,hardwood,47.48
8856,hardwood,48.67
8857,hardwood,48.67
8858,hardwood,48.67
8859,hardwood,45.6
8860,hardwood,47.445
8861,hardwood,47.48
8862,hardwood,47.41
8863,hardwood,47.375
8866,hardwood,47.62
8868,hardwood,47.795
8869,hardwood,47.61244
8870,hardwood,47.61244
8871,hardwood,47.48
8872,hardwood,47.02479
8873,hardwood,47.48
8874,hardwood,47.48
8875,hardwood,47.48
8876,hardwood,47.48
8877,hardwood,47.4625
8878,hardwood,47.48
8879,hardwood,47.445
8880,hardwood,47.4625
8881,hardwood,47.48
8883,hardwood,47.48
8884,hardwood,47.025
8885,hardwood,47.48
8886,hardwood,47.235
8887,hardwood,47.48
8889,hardwood,47.48
8890,hardwood,47.48
8891,hardwood,47.48
8892,hardwood,47.48
8895,hardwood,47.48
8896,hardwood,47.48
8897,hardwood,47.48
8898,hardwood,47.48
8899,hardwood,47.48
8900,hardwood,47.48
8901,hardwood,47.48
8902,hardwood,47.33805556
8903,hardwood,47.461765
8904,hardwood,48.83
8905,hardwood,47.352075
8906,hardwood,47.48
8907,hardwood,47.2245
8908,hardwood,47.2245
8909,hardwood,47.2245
8910,hardwood,47.48
8911,hardwood,47.2245
8912,hardwood,47.48
8913,hardwood,47.48
8914,hardwood,45.7
8915,hardwood,47.2245
8916,hardwood,47.48
8917,hardwood,47.48
8918,hardwood,47.48
8919,hardwood,47.48
8923,hardwood,47.48
8924,hardwood,47.48
8925,hardwood,47.2
8928,hardwood,47.48
8929,hardwood,47.2
8930,hardwood,47.2
8931,hardwood,47.48
8932,hardwood,47.48
8933,hardwood,47.2
8934,hardwood,47.48
8935,hardwood,47.48
8936,hardwood,47.2
8937,hardwood,47.48
8938,hardwood,47.48
8939,hardwood,47.48
8940,hardwood,47.48
8941,hardwood,47.48
8942,hardwood,47.3725
8943,hardwood,47.48
8944,hardwood,43.8
8947,hardwood,47.48
